material_id,formula_pretty,E,nu,density_g_cm3
synth-mat-000171,TiN0.65Cr0.35,91.09416578675737,0.21682780547982775,5.520614684935621
synth-mat-000527,Nb0.86Cu0.14,175.6980011886594,0.22600104980453772,4.89969656987369
synth-mat-000471,SiC0.81Cu0.19,275.59866835546296,0.24752002789881272,7.538140080864039
synth-mat-000158,Cr0.15Mo0.85,336.7977552531231,0.3044402327590968,11.79602401771353
synth-mat-000228,Ni0.84Nb0.16,78.44754238257043,0.30327909547305315,14.71868984889069
synth-mat-000425,Al0.31SiC0.69,159.3067065858154,0.3144861285694499,5.074285155542647
synth-mat-000235,Fe0.12Ti0.88,190.39350648884124,0.28341952033578066,11.628173255096273
synth-mat-000591,Ta0.34SiC0.66,69.00571976644942,0.20915299852833996,8.07235993508929
synth-mat-000447,Ta0.85TiN0.15,160.35631540666446,0.28535249797191,2.5177222479663617
synth-mat-000473,Mo0.54Cu0.46,227.81170672050038,0.30151068890716604,9.381461596565572
synth-mat-000220,Nb0.82ZrB20.18,349.1673773220321,0.31591469633279506,12.413039398719173
synth-mat-000459,Zr0.34TiC0.66,84.96141648598483,0.24627697488861863,6.619676734731594
synth-mat-000243,Nb0.69Cr0.31,164.94014423324467,0.3684625634630787,8.19640680662647
synth-mat-000278,Ti0.31Ta0.69,156.63329231964596,0.18997090651969534,4.7718852392412945
synth-mat-000207,Ta0.67Cr0.33,166.97447502880425,0.2434866999712575,7.213600039484485
synth-mat-000541,W0.8Hf0.2,107.70323330802682,0.17893680304445056,13.277571918720842
synth-mat-000328,Ta0.24HfC0.76,197.72693850981796,0.18935860083576322,5.7505751172214445
synth-mat-000417,Al0.14Cr0.86,149.35429844733298,0.19413184139199377,2.2903736304721063
synth-mat-000454,Hf0.43ZrB20.57,71.13568427608476,0.3407700221930222,12.258980669637472
synth-mat-000292,Ta0.4TiC0.6,153.39964320024,0.3006576648836971,4.941303466532623
synth-mat-000054,Mo0.81Ti0.19,121.19033917477567,0.2671035633505216,2.0146865904437647
synth-mat-000414,TiN0.4Nb0.6,118.82323679738919,0.24541666649230817,8.49336371539486
synth-mat-000042,HfC0.48Al0.52,77.4151397150289,0.24542059225051321,17.7336264854977
synth-mat-000151,Ta0.81Co0.19,626.0945949624378,0.3387436367925557,6.864994137879054
synth-mat-000156,W0.11Al0.89,120.47221058963386,0.30846392029409936,7.007914109159434
synth-mat-000196,TiC0.63Hf0.37,83.25452729258868,0.30610552811625824,5.3632120437700435
synth-mat-000109,Ti0.1Mo0.9,378.3734973789399,0.3446004016931485,3.582041020161425
synth-mat-000458,HfC0.41Ta0.59,250.86120977577838,0.31989541037424607,5.595481632381757
synth-mat-000096,W0.22SiC0.78,307.1393688450579,0.2916537335945181,5.934533944390595
synth-mat-000475,SiC0.47TiN0.53,119.97093203768081,0.15628293668883697,11.485690954185547
synth-mat-000568,Co0.46Hf0.54,32.433029243451266,0.28229566561981434,9.141814037958937
synth-mat-000089,Al0.11Zr0.89,-318.8237977184157,0.2663907510372892,10.848718338430352
synth-mat-000013,Ni0.57TiC0.43,77.07756893729889,0.2025203568244473,6.503501323426818
synth-mat-000542,SiC0.82Co0.18,101.54272093989798,0.3169354846262946,6.504136271806115
synth-mat-000373,TiC0.32Hf0.68,109.95261797802875,0.7180160882277333,5.707700878155753
synth-mat-000401,Zr0.17TiC0.83,126.05604541313537,0.3043963785504733,5.714408086155832
synth-mat-000443,Ta0.41Co0.59,136.57536818135395,0.26081192122905444,6.193957750829668
synth-mat-000081,HfC0.52Ni0.48,90.3567982896516,0.2329098519274271,14.12565912084097
synth-mat-000376,Cu0.86Zr0.14,54.51771691576832,0.30872381568176954,6.320344681745041
synth-mat-000357,Ta0.14W0.86,76.88525577069562,0.24609675223230082,6.134816756089856
synth-mat-000361,Cu0.56Fe0.44,115.19428521656779,0.26063309495881415,12.303858878135289
synth-mat-000538,Mo0.69Nb0.31,52.672609648565306,0.3399461332771678,3.1091477955184468
synth-mat-000174,W0.18SiC0.82,52.332186205524245,0.20275443746777122,3.660784104879412
synth-mat-000166,Ti0.14Co0.86,123.63611659153325,0.310470475686853,3.8634764278271985
synth-mat-000071,ZrB20.74W0.26,169.02039028551312,0.2842061639713007,17.57915176976417
synth-mat-000198,Cr0.81Co0.19,381.6814713824345,0.2932682605373271,3.5723158107893265
synth-mat-000293,ZrB20.71Fe0.29,69.3714579083534,0.2973615893129368,7.773588663087171
synth-mat-000486,Hf0.13TiN0.87,193.31873585541973,0.23692166547091878,5.03538502587346
synth-mat-000127,Ti0.73TiC0.27,100.92555192152426,0.3068880442442584,4.41537839848758
synth-mat-000439,ZrB20.62Zr0.38,481.9209779147486,0.2216294643894767,6.462851836693211
synth-mat-000251,W0.2Hf0.8,279.43679356142064,0.19480174599815014,1.1317294126724748
synth-mat-000300,TiN0.85Cr0.15,406.5157585735837,0.20351532311572879,8.724598813102089
synth-mat-000178,Cu0.52Ni0.48,291.1043384922059,0.3316154089905279,11.529367446304242
synth-mat-000041,Al0.89TiC0.11,67.88501162827912,0.26391354690189417,4.3024503748227
synth-mat-000090,TiC0.53ZrB20.47,113.68718668499761,0.31539534141209674,3.9460195367859887
synth-mat-000221,ZrB20.25Co0.75,92.29179998641996,0.18120345731777582,7.890589233923
synth-mat-000430,Cu0.55Ta0.45,54.659604750557804,0.2003624252274612,3.6011754022880935
synth-mat-000314,W0.14ZrB20.86,72.61543849611192,0.2601430819522706,2.892893870326994
synth-mat-000566,Co0.79Nb0.21,165.35761485491756,0.196671331950396,2.3243859777645204
synth-mat-000084,TiC0.74Cr0.26,225.56744486296094,0.42285665985432686,13.957388262311756
synth-mat-000186,Co0.14SiC0.86,393.46157083854513,0.29471229485173117,2.313363095897648
synth-mat-000556,Zr0.65Cr0.35,82.48558401443853,0.23296186885090608,6.353512038013138
synth-mat-000085,HfC0.42TiC0.58,421.45303749411585,0.29757056959709327,5.068771588490358
synth-mat-000426,Cu0.51SiC0.49,224.2564987976255,0.1775106257994761,4.061365911329099
synth-mat-000009,Mo0.61SiC0.39,75.61383115354079,0.3209345784741572,9.844245174904447
synth-mat-000047,TiC0.15Hf0.85,138.74986152360498,0.34700770440904044,17.32948616565527
synth-mat-000094,Ta0.7Co0.3,-99.34149551945073,0.2699949252690638,8.49277122983014
synth-mat-000279,Fe0.16ZrB20.84,160.78939614363162,0.408264662831921,6.871749733693037
synth-mat-000037,ZrB20.78Mo0.22,105.28473855420135,0.23596691742815734,9.521002033753943
synth-mat-000339,Hf0.4Fe0.6,132.95843143809236,0.34096307685048066,5.079882694653241
synth-mat-000028,W0.12Mo0.88,128.14354393729627,0.337600106084061,5.864835977153729
synth-mat-000270,Mo0.53Cu0.47,100.79428208126332,0.3022702103995958,6.967260520671242
synth-mat-000379,TiC0.84Hf0.16,137.43998430421664,0.2312261175943919,6.852016484680172
synth-mat-000519,Co0.74Cr0.26,-519.2385986220946,0.1679963963285292,4.026813560747074
synth-mat-000210,HfC0.54Al0.46,171.37142842041436,0.3767316396938263,12.030338775343694
synth-mat-000493,Fe0.45Al0.55,99.74689750294662,0.28194552240334625,6.615239398116999
synth-mat-000043,TiC0.43Ni0.57,93.79981315463827,0.3575218513627246,6.503789916029391
synth-mat-000595,SiC0.64Ni0.36,106.28814890492367,0.2899664092130794,3.696740136623646
synth-mat-000528,Ta0.2Mo0.8,145.79591518459094,0.3187246429571335,4.6412961591532245
synth-mat-000097,Al0.81Mo0.19,209.93022400924846,0.2911720889197276,8.142474903647646
synth-mat-000355,HfC0.19Zr0.81,112.40089605965566,0.3366048400126848,11.157105905775566
synth-mat-000010,Cu0.3ZrB20.7,225.3567708458859,0.1726338287246338,6.168091961598121
synth-mat-000593,Cu0.22SiC0.78,81.11733533622169,0.31339372979106733,6.502597198109977
synth-mat-000461,Zr0.11Mo0.89,96.98733706294779,0.32365281275335245,6.164310933237384
synth-mat-000020,W0.51Al0.49,314.1003121317094,0.3337045947483102,4.161988394091539
synth-mat-000223,Cr0.46Ta0.54,274.90049839410375,0.39290988563786283,5.689120282288338
synth-mat-dup-0002,Mo0.24Hf0.76,161.97968470835548,0.1518421851561585,6.614649746597214
synth-mat-000155,Cu0.12Cr0.88,133.21337246048446,0.2571672278612792,4.865501655939603
synth-mat-000125,Mo0.75Fe0.25,277.9955070568706,0.19743073689133542,8.372369093922362
synth-mat-000114,Zr0.74ZrB20.26,54.925512844451355,0.17485719279136253,3.572742255418847
synth-mat-000154,Cu0.19Cr0.81,253.8460407006478,0.25634726318423257,7.602444629809833
synth-mat-000587,Fe0.62Cu0.38,108.4324203501107,0.3223833024444778,5.3068443975509725
synth-mat-000290,ZrB20.69Fe0.31,195.77403290977333,0.3348128659188415,7.545953651729961
synth-mat-000141,Co0.26Cr0.74,226.52856578574904,0.3432976575191746,5.126456014710501
synth-mat-000515,Cr0.17Co0.83,209.1822978272945,0.24676774014225866,3.287209867364104
synth-mat-dup-0009,TiN0.14SiC0.86,93.36379843859835,0.22964664142740393,6.455070348957235
synth-mat-000137,Mo0.35Fe0.65,118.66831661909701,0.3596030560944782,4.998398469663944
synth-mat-000477,Al0.11Ta0.89,74.00850796000744,0.29513931334443855,5.1046855181947866
synth-mat-000545,Zr0.45Cu0.55,300.0681081424974,0.27958885492060553,10.093471281975429
synth-mat-000395,Cu0.66W0.34,114.58477104788543,0.21437544188608215,5.481455834943844
synth-mat-000048,Fe0.27Zr0.73,282.4576934767635,0.3362482002034819,11.626414928164408
synth-mat-000188,Ta0.29Al0.71,113.92952768896177,0.29748535433899803,9.669953949690465
synth-mat-000469,Zr0.74SiC0.26,163.47606928732793,0.22421832424627336,10.103892304563148
synth-mat-000342,TiC0.34Ti0.66,122.97479194269465,0.2549951145637948,3.2088665935831466
synth-mat-000327,Al0.78W0.22,363.5146594629728,0.3690142465235973,11.525632252927782
synth-mat-000225,TiN0.82Ta0.18,117.71863309540944,0.2851439136818174,11.20632915541531
synth-mat-000509,Nb0.43Mo0.57,267.9399965450959,0.224494383879711,4.353842449992391
synth-mat-000079,Ti0.57HfC0.43,195.8271590330521,0.27390139969059213,5.388242800696914
synth-mat-000100,Fe0.72Hf0.28,105.69531657067064,0.3378071449708481,5.197674992187067
synth-mat-000232,Hf0.63Cr0.37,95.40645399763798,0.22467193415587786,4.66622535937402
synth-mat-000146,ZrB20.56Zr0.44,144.2609578450791,0.2722005914509017,10.086093323574135
synth-mat-000276,Cu0.31Hf0.69,233.33604814806836,0.3051503559352862,10.815505097086003
synth-mat-000204,Ti0.42ZrB20.58,363.29396494772016,0.12063763535437308,6.765095884194848
synth-mat-000412,Ta0.82Zr0.18,242.2781664671553,0.20826035454977793,6.230864047043207
synth-mat-000206,Cu0.67TiN0.33,221.24171486720755,0.3143766169985169,10.692470849335821
synth-mat-000091,Co0.18Hf0.82,155.80640252037276,0.22972219909886538,7.752325717372486
synth-mat-000312,Cu0.46Zr0.54,366.82697828180187,0.255124073600059,7.7361815319053555
synth-mat-000193,Co0.28Ni0.72,94.9471038216398,0.30448791192073266,7.157816782427858
synth-mat-000247,Ta0.31TiN0.69,86.24091531375485,0.25965984728885727,2.1820760243211037
synth-mat-000296,Ni0.81SiC0.19,60.96009409050155,0.24837151167983898,3.5427053613378905
synth-mat-000457,Zr0.57HfC0.43,292.9440878298835,0.2620384947324252,5.24447409837774
synth-mat-000173,Hf0.71SiC0.29,100.34513160264905,0.33605506314003325,5.323741856029356
synth-mat-000333,Al0.15Hf0.85,328.25774229357944,0.3990497927580685,8.133342076101338
synth-mat-000356,HfC0.34TiN0.66,579.9101943194054,0.25642733512525356,6.371317451654592
synth-mat-000315,ZrB20.24Mo0.76,92.81227026432656,0.2818616456461183,13.783199512286076
synth-mat-000529,Mo0.22Zr0.78,201.9293658426817,0.24103562878532162,8.62113884357742
synth-mat-000064,Cr0.78Hf0.22,206.39903214259414,0.3105415182855799,7.522290899455411
synth-mat-000561,Zr0.79Al0.21,664.4759608541838,0.3231855193446644,3.725038279831985
synth-mat-000025,Hf0.11HfC0.89,157.4300860345075,0.2930451736676538,4.647754864874207
synth-mat-000233,W0.48Nb0.52,70.76037031253199,0.21695199885776914,4.581203862798945
synth-mat-000027,Cu0.41Co0.59,79.713907804932,0.25640939172641947,4.365236710428597
synth-mat-000534,Zr0.44SiC0.56,99.76478028062672,0.29720619655580544,5.811751521179182
synth-mat-000318,Zr0.78Fe0.22,49.28537525740875,0.3019093494303007,6.94133683453381
synth-mat-000429,Co0.43Hf0.57,419.4362450086766,0.3372870245328234,5.710060482846702
synth-mat-000032,Fe0.16SiC0.84,228.98929454777516,0.23461519187576918,12.203088723799674
synth-mat-000581,Fe0.82Cr0.18,287.7656379199157,0.7024919534965914,7.444806833593643
synth-mat-000456,Ta0.28TiC0.72,132.6861363868414,0.35071043105194144,6.5988560788285735
synth-mat-000285,Fe0.25W0.75,472.93759898826124,0.30477203057510516,4.919956724631617
synth-mat-000062,Al0.12Ta0.88,160.94798957459733,0.38790835149276126,9.16133334310746
synth-mat-dup-0008,Nb0.25Cu0.75,97.82881847999042,0.2714022541309789,5.675985035625371
synth-mat-000350,Fe0.89Co0.11,91.67846166257425,0.26181019732400956,5.975467801637171
synth-mat-000106,TiN0.82W0.18,88.31388869486194,0.22289306642792206,12.546426664343908
synth-mat-000579,W0.34Ta0.66,114.19656833176256,0.2712146570456759,4.115760815744629
synth-mat-000396,SiC0.11Ti0.89,191.92817097210065,0.22087282209006714,6.130766624214372
synth-mat-000537,W0.19Co0.81,252.6560884131487,0.2850651488691424,10.668066617050687
synth-mat-000324,Ta0.74Cu0.26,94.7602759975034,0.2574040544546252,8.433071345124459
synth-mat-000442,Ni0.19Mo0.81,150.45447777445864,0.28748907668035373,8.47434879314654
synth-mat-000291,TiC0.73Ta0.27,145.24581316038618,0.24266107187954444,6.395333403320557
synth-mat-000026,Al0.21Mo0.79,112.67825509833247,0.2730405659848955,10.933007509743023
synth-mat-000517,ZrB20.56Ta0.44,169.88501817973776,0.24185735950545306,5.118517480506195
synth-mat-000133,Cr0.79ZrB20.21,179.6799197945792,0.27338181087038,5.350256684402011
synth-mat-000053,Al0.68ZrB20.32,91.83362443406375,0.31286962829949716,8.39857921701034
synth-mat-000392,Co0.12ZrB20.88,191.492290650834,0.25483525171556387,6.249431856002408
synth-mat-000428,Nb0.88Ni0.12,45.0068171535642,0.31856852622253,7.238992209645785
synth-mat-000018,HfC0.75Ni0.25,205.22879282062385,0.2826336425459047,7.6056890607203655
synth-mat-000436,Mo0.24Hf0.76,160.31093503146332,0.1518421851561585,6.614649746597214
synth-mat-000307,TiN0.84Mo0.16,79.16707907677676,0.25127634819017397,8.16991783565359
synth-mat-000326,Nb0.73Hf0.27,71.46693985693729,0.29825323653691227,9.484904871004723
synth-mat-000015,Cr0.41Co0.59,190.34988418469786,0.3099847503578481,10.10883129414729
synth-mat-000345,Zr0.62Al0.38,111.3982956794717,0.12187956148955006,9.29900891688467
synth-mat-000172,Ni0.37Mo0.63,637.1272016871466,0.31860802318563886,5.156409717947927
synth-mat-000011,Zr0.4Cu0.6,51.13445678269556,0.3073122118353134,3.800888928711589
synth-mat-000490,Cu0.53ZrB20.47,79.27408027817657,0.27549870870700044,6.463827529438519
synth-mat-000479,SiC0.47Ni0.53,50.99544732145376,0.3055475418664367,5.022168465589024
synth-mat-000254,Zr0.83W0.17,217.50651687528648,0.13724207083911263,4.8624060287471575
synth-mat-000516,Ta0.32Al0.68,243.52779017556705,0.31129672882164916,3.6518178368041987
synth-mat-000229,Cr0.12Al0.88,125.17233877067567,0.2681179136080848,5.0795934272289855
synth-mat-000421,HfC0.39Ni0.61,192.24679202012894,0.21413935109927598,2.7640250700063893
synth-mat-000038,Ni0.38Co0.62,238.0159721101183,0.32423487372651094,3.349078782406783
synth-mat-000160,SiC0.3Al0.7,179.87485624870558,0.28880037817546456,4.200253820928359
synth-mat-000570,TiC0.69Zr0.31,57.49524260278381,0.29118339709154023,4.746766070491694
synth-mat-000470,Fe0.53HfC0.47,85.67773174818305,0.3138624869296303,9.507926618374007
synth-mat-000227,Cu0.44Mo0.56,304.0637248069945,0.2597889352556553,2.1509050272989025
synth-mat-000438,Mo0.61Cu0.39,112.12720046182706,0.23665028358134513,7.0307761965997795
synth-mat-000596,Al0.36TiC0.64,84.03589854502724,0.29209838518320436,3.9194965208630657
synth-mat-000281,Mo0.78Al0.22,247.6742645118814,0.31426213745625264,7.532319107344293
synth-mat-000533,HfC0.13TiC0.87,109.35975197499445,0.25212096040976323,6.76504888680459
synth-mat-000287,W0.77ZrB20.23,52.04248019279673,0.2406459271159468,5.1611138007066115
synth-mat-000120,ZrB20.53Hf0.47,138.93655537631116,0.2621937864323026,7.757220175910651
synth-mat-000311,Hf0.88SiC0.12,180.5138495944821,0.2547601556558557,4.838367797001977
synth-mat-000036,W0.4Ta0.6,215.09785153199033,0.31151202079964846,9.267832074359955
synth-mat-000152,Ta0.64Cr0.36,399.5867563219965,0.20497075965616982,8.408223604565302
synth-mat-000131,ZrB20.56Cu0.44,138.25281818357124,0.225141109128698,5.670287227385075
synth-mat-000029,Cr0.28SiC0.72,155.80877868157881,0.24330455597688144,2.6705044378559264
synth-mat-000449,TiC0.74TiN0.26,68.84338852165244,0.39956921559783887,2.8850532546683394
synth-mat-000406,Nb0.15Al0.85,115.29975552592295,0.17591453551561695,3.95299945578681
synth-mat-000249,Hf0.58ZrB20.42,129.298946579707,0.3723170080991982,7.275348958656268
synth-mat-000544,Ti0.11Fe0.89,127.82977842843371,0.238751302465062,6.167088753697935
synth-mat-000030,ZrB20.54Al0.46,325.8759439482169,0.24939924345286332,11.75302452514523
synth-mat-000134,Zr0.17HfC0.83,107.0455576360526,0.1804538016610268,4.988131118440264
synth-mat-000111,HfC0.8Hf0.2,163.19593041161468,0.3151326862494423,6.646777583749323
synth-mat-000463,TiC0.32Ta0.68,292.28617261477854,0.3511011662913724,4.295115035605651
synth-mat-000378,Zr0.33TiN0.67,113.63261719035546,0.25619696141751674,3.265358619862226
synth-mat-dup-0006,TiN0.82Zr0.18,202.21827501838555,0.2965475199746115,4.507566515280661
synth-mat-000310,Ni0.7Zr0.3,113.5813021144508,0.3502024257747959,4.788390243332659
synth-mat-000543,Hf0.69TiN0.31,198.24884401965878,0.25442276185598245,10.765182047237458
synth-mat-000437,Al0.71Ta0.29,110.7667215652722,0.21908693164395487,4.87050090763973
synth-mat-000005,Co0.89Zr0.11,122.02793015871967,0.38867618332559073,5.360436568122167
synth-mat-000102,TiC0.38Ta0.62,265.8193768883953,0.3009319240613195,6.295160667569881
synth-mat-000248,Al0.52TiC0.48,458.3708143135784,0.10330015183954158,1.6368535777079258
synth-mat-000076,TiN0.28Hf0.72,155.41536304745188,0.29670724965181383,7.61459530740938
synth-mat-000189,W0.38Cu0.62,74.02234130819052,0.30152330600198474,4.26099726017766
synth-mat-000467,Mo0.39Cu0.61,109.20270597909065,0.3626171969858144,11.02069495214237
synth-mat-000483,Al0.38Cr0.62,113.7496918695375,0.2305803862794445,5.811730471589835
synth-mat-000124,Ta0.76W0.24,174.59032262076545,0.2082310285114155,4.682565477103386
synth-mat-000444,Ti0.27Fe0.73,342.3844975420717,0.25836123627919894,8.5302684871646
synth-mat-000031,Ni0.24TiC0.76,89.77413294119935,0.17356982600388016,8.853057034644907
synth-mat-000338,Zr0.34Ni0.66,129.3210313031084,0.27707698340421477,8.580643519792222
synth-mat-000035,Co0.12Ti0.88,59.65384527180861,0.21313269637642526,4.441950660730704
synth-mat-000305,Hf0.82Co0.18,202.37737324907658,0.8060759095709142,4.597910174793462
synth-mat-000004,Nb0.61Zr0.39,133.75996377460012,0.3308107350772198,2.089205207907888
synth-mat-000142,Co0.76Zr0.24,-192.02754553148716,0.1403210019016488,8.282338942558557
synth-mat-000536,Nb0.1W0.9,105.69957413308366,0.2926034823870934,3.2875340557883463
synth-mat-000135,ZrB20.51Nb0.49,332.59464815093276,0.22499041650720278,2.2871608825224787
synth-mat-000056,Cu0.7Hf0.3,298.7120854483269,0.27161330740924017,7.339232677208089
synth-mat-000466,Zr0.87Cr0.13,103.30195591336002,0.2903950596315602,3.103156883312673
synth-mat-000179,HfC0.69Nb0.31,174.86438222258997,0.29808704131315683,1.6030744317165138
synth-mat-000349,Al0.41W0.59,48.9847940755451,0.29980775369944723,4.738009935349459
synth-mat-000551,Fe0.46Zr0.54,170.49681437737675,0.2558983772131477,6.635845922944989
synth-mat-000304,Cr0.72Al0.28,54.86578967305423,0.3335743409078324,3.996311089299382
synth-mat-000484,Cu0.46Hf0.54,111.88515569974416,0.15479861097688907,3.062747498742597
synth-mat-000211,Ni0.33Hf0.67,280.64867659619375,0.25742684388210413,6.039381455470539
synth-mat-000068,TiC0.83SiC0.17,143.35653819694264,0.1930727968906335,4.353915164528596
synth-mat-000237,W0.58Cr0.42,313.7413676567486,0.4015083834089004,11.689250143884271
synth-mat-000176,TiN0.69Ti0.31,77.45975117491939,0.23650698549382573,16.59190824785211
synth-mat-000246,Co0.4Ti0.6,98.75895435814648,0.21507887662256736,5.5381970820738085
synth-mat-000257,Co0.39Fe0.61,278.8724448859141,0.26509847121065133,6.838880401625191
synth-mat-000269,Cu0.51TiC0.49,191.76217212985966,0.21299525239557382,5.05380533880228
synth-mat-000346,Hf0.13Zr0.87,113.67221501838218,0.14805556980025084,13.223090495069753
synth-mat-000045,Zr0.16TiC0.84,417.64337759322126,0.2418980795115071,2.907312779057669
synth-mat-000384,Ni0.88Mo0.12,282.90533133507864,0.8417077482736167,3.540092785827083
synth-mat-000398,TiN0.67Ni0.33,260.28405135814677,0.27989631066033427,2.995396116805309
synth-mat-000136,ZrB20.44TiN0.56,411.82016959919804,0.2725108960553762,3.2215066080838204
synth-mat-000044,Hf0.74Cu0.26,110.95383522091211,0.30148276328274926,8.414546852302706
synth-mat-000006,W0.61Ta0.39,79.17448502452,0.31371705244165626,4.986890920865164
synth-mat-000209,ZrB20.16Ti0.84,173.36091100496373,0.22556197415777124,3.821855240133879
synth-mat-000201,TiN0.56Al0.44,187.33930436993032,0.2647256358887063,6.13076505609577
synth-mat-000547,Ta0.18W0.82,326.5872625798904,0.2788315491687944,9.330379832516272
synth-mat-000531,Ni0.24W0.76,66.86255335589104,0.2965593907252817,10.080385514837358
synth-mat-000423,Mo0.48HfC0.52,159.4338863572154,0.21884994265673818,2.8741450021063377
synth-mat-000195,Cu0.44Nb0.56,132.15919034876697,0.3020054562174932,6.608644765632546
synth-mat-000002,Cr0.58Cu0.42,90.22464462100825,0.33196496991404745,2.939951180720634
synth-mat-000560,Ni0.29Mo0.71,110.4745212042924,0.21008642296955699,7.083606351879219
synth-mat-000571,Nb0.13SiC0.87,151.0801611777549,0.2325582905032552,5.537485130302876
synth-mat-000259,Fe0.86HfC0.14,130.73635062458914,0.1826317611369358,5.5163115977583015
synth-mat-000351,Cu0.87Ni0.13,294.176140429308,0.2954752898750234,4.534948437628232
synth-mat-000130,ZrB20.58Nb0.42,108.82020849264481,0.24620286703832137,1.354584270656852
synth-mat-000501,Co0.24Ni0.76,154.82318353543243,0.2510467215421774,5.96300892727764
synth-mat-000253,Nb0.2Al0.8,145.8669544950802,0.34039354902384694,7.161216171919151
synth-mat-000572,HfC0.69SiC0.31,-42.170995488605946,0.29849584627781905,5.482977365122013
synth-mat-000513,Cu0.17Nb0.83,127.5014324970896,0.26033545009462233,2.511483656085387
synth-mat-000170,Ti0.84Nb0.16,72.27244630776244,0.37092266434839094,8.945466042447668
synth-mat-000162,Al0.19Ti0.81,123.77235474699388,0.20071815032009555,2.5400919957097154
synth-mat-000149,TiN0.14Mo0.86,214.09710467244355,0.3194546597940466,6.018376688226651
synth-mat-000000,Al0.4Mo0.6,-273.58712608700023,0.3024434668128764,7.4157561205789495
synth-mat-000578,Hf0.31Mo0.69,122.95153089454972,0.29038128060337615,6.103134363578565
synth-mat-000224,Mo0.23ZrB20.77,302.27943031268364,0.26603365700198445,8.22385960594424
synth-mat-000214,Co0.42TiC0.58,118.68347375939221,0.3079946967626113,3.6498415687102157
synth-mat-000317,Ti0.59ZrB20.41,227.04974339243793,0.2877223190472466,4.516338095618698
synth-mat-000385,Al0.62Zr0.38,86.43082060822101,0.3132709159202827,5.365423902269547
synth-mat-dup-0010,Ni0.19Mo0.81,149.95453074430765,0.28748907668035373,8.47434879314654
synth-mat-000489,Mo0.21ZrB20.79,-72.66222803019167,0.34601343868105733,5.260669915841418
synth-mat-000325,Zr0.45ZrB20.55,177.37735019696862,0.3198495587810287,7.759996396842104
synth-mat-000161,TiN0.79Co0.21,103.72971140835054,0.3000525128738396,3.522147776479807
synth-mat-000143,Cu0.62Zr0.38,233.11822165717794,0.26434617060065363,4.534316913794736
synth-mat-000512,Ta0.66Al0.34,267.75501645775137,0.26592383157751487,6.4289693439745195
synth-mat-000488,Co0.77Mo0.23,147.5645486466874,0.37108449527184045,11.229364167440552
synth-mat-000330,HfC0.24Ti0.76,231.82792616566985,0.30278673955661944,4.149390673676576
synth-mat-000236,Zr0.25Cr0.75,107.75528858160983,0.3249295961269888,3.62829708005582
synth-mat-000274,Cu0.52TiN0.48,136.81274222541214,0.4719405506579717,8.479362063992998
synth-mat-000105,Cu0.53Ti0.47,162.6417613064774,0.3605137927716857,11.84169701067625
synth-mat-000213,Co0.67Al0.33,262.6849328074725,0.2421858719201777,4.312320959848064
synth-mat-000012,SiC0.24Cu0.76,69.61158253412947,0.3180131266610703,8.647605003458374
synth-mat-000539,Hf0.45Co0.55,119.66042985656611,0.20446541250687547,5.9349452435861885
synth-mat-000014,HfC0.38TiC0.62,48.98073969031721,0.24996143442900107,5.734082591671721
synth-mat-000411,TiC0.6Hf0.4,318.78104487996944,0.2156368933142932,6.4350864098975515
synth-mat-000448,Ta0.11ZrB20.89,101.58407353309478,0.1687927460417818,8.486105654766712
synth-mat-000499,SiC0.62Cu0.38,62.29834157039628,0.30023329536804083,4.367373588307817
synth-mat-000424,Cu0.82ZrB20.18,164.8773083907319,0.21749760491565917,3.1450975610015464
synth-mat-000391,HfC0.84Al0.16,172.61540476512553,0.36452815355511825,7.6467543028450695
synth-mat-000282,Cr0.78Zr0.22,48.84837421335245,0.2706311808346819,10.250004720720579
synth-mat-000348,Cu0.65Mo0.35,46.692654074353676,0.3699827034935145,3.078183874596572
synth-mat-000216,ZrB20.46HfC0.54,163.52499412140784,0.21200492944904903,11.815327587323837
synth-mat-000117,Ta0.51Cr0.49,199.7307298619723,0.3650934817592567,4.485006165897926
synth-mat-000260,HfC0.28Hf0.72,111.48084101324386,0.351735900584372,10.463613323943031
synth-mat-000093,ZrB20.43Al0.57,187.48346656078704,0.295106105752788,10.390391128501447
synth-mat-000267,Ni0.62W0.38,67.92653222901153,0.23940102833976012,5.7085558166410335
synth-mat-000272,HfC0.85TiN0.15,722.4581761978312,0.2755232480109241,6.302196469738465
synth-mat-000532,Mo0.32Ti0.68,93.52958472156756,0.24966889905855777,10.608885576731458
synth-mat-000132,Ti0.76Ni0.24,100.94720205555139,0.40860723344780253,9.955488186030607
synth-mat-000389,Nb0.36Ta0.64,159.35530915998044,0.15553478811060167,4.227056150711797
synth-mat-000033,Cr0.46Ti0.54,261.95581322696853,0.329627348334054,7.101385348606881
synth-mat-000058,Cr0.5Al0.5,179.02418973793937,0.2602850203831989,6.6420031992318265
synth-mat-000230,Hf0.77Ta0.23,386.96507577744484,0.25319109655731054,6.436267456584022
synth-mat-000263,Cu0.58Fe0.42,105.95247343055772,0.35049777891710254,6.813477372573155
synth-mat-000363,Al0.16W0.84,179.6392635761873,0.23397309348517975,5.131244392636768
synth-mat-dup-0001,HfC0.42TiC0.58,441.50589955575356,0.29757056959709327,5.068771588490358
synth-mat-000431,W0.5HfC0.5,49.9389710587514,0.2502511980430665,6.6456537879236635
synth-mat-000077,HfC0.37Ti0.63,238.74314236828795,0.27612062575474666,8.468021842517299
synth-mat-000474,Fe0.7Mo0.3,324.37796963848353,0.2651664034766195,4.611252684249279
synth-mat-000113,Cu0.25Ti0.75,84.03973933328157,0.23916563608417793,5.639264817747094
synth-mat-000095,TiN0.36HfC0.64,147.1890587924553,0.2621721920459122,7.403693672942653
synth-mat-000453,Ta0.22TiN0.78,100.17427563038153,0.2899202483150759,6.267147569332575
synth-mat-000353,HfC0.74TiN0.26,112.83248577231623,0.24839640912612254,4.076278111128057
synth-mat-000165,ZrB20.22Zr0.78,34.98886212701438,0.27736117685433287,5.789908991031852
synth-mat-000380,Ta0.32Nb0.68,63.31114136165899,0.25584452744755426,2.4276536488869254
synth-mat-000460,TiC0.57Cr0.43,90.79438387233785,0.23613400086542471,5.684872052498718
synth-mat-000592,TiN0.4SiC0.6,31.699099863512195,0.2702991085853885,4.286556915188159
synth-mat-000215,Cr0.29Cu0.71,134.85560038765166,0.1853382643557756,10.759079060494559
synth-mat-000362,Fe0.79Co0.21,288.0262387684527,0.1957076680542415,3.2962975654622255
synth-mat-000468,Zr0.4SiC0.6,235.801748428624,0.34502416479829556,4.880255609618979
synth-mat-000584,Zr0.61Hf0.39,176.8686012131859,0.335186469631278,9.649842238919359
synth-mat-000098,Ti0.6Nb0.4,131.1200693773901,0.2884777455750971,6.962964349592962
synth-mat-000316,Ti0.51Co0.49,118.23995019415234,0.27265186801054137,4.76815290959205
synth-mat-000239,Co0.73ZrB20.27,81.16836152156509,0.3050109835733791,2.081029038505321
synth-mat-000485,Ti0.42Nb0.58,162.23440576426407,0.26502370282475984,7.950142426765598
synth-mat-000066,Ti0.31Hf0.69,701.4724200275641,0.21573665119493154,6.880468428680264
synth-mat-000123,ZrB20.43Co0.57,127.20006015397384,0.33611935821143774,11.32885373235987
synth-mat-000562,Cr0.36Mo0.64,491.33111647876365,0.3517103340917365,8.169976883567157
synth-mat-000381,Fe0.76TiN0.24,96.7084642467996,0.11956523870999813,3.8754152651168905
synth-mat-000497,HfC0.34Fe0.66,71.4005869401643,0.26588701315202556,6.371030308205354
synth-mat-000108,Mo0.46HfC0.54,72.47811631395086,0.37434130416883926,5.698263265248531
synth-mat-000104,SiC0.89Ti0.11,192.35897197321694,0.29965015893102487,3.696211351763444
synth-mat-000298,Mo0.57TiN0.43,206.3874585733898,0.31200604519357356,3.5824227490295617
synth-mat-000521,W0.33Al0.67,103.55811343502691,0.17386527607200808,4.5963580462876825
synth-mat-000192,HfC0.3Mo0.7,215.6503416661814,0.19577897580391773,8.469404765992657
synth-mat-000289,Nb0.13SiC0.87,148.77147762017375,0.31814710752591996,6.839011291741837
synth-mat-000525,ZrB20.67Cr0.33,173.85030678473808,0.20410379042138696,10.401458748031878
synth-mat-000420,Ta0.34Cu0.66,100.74352224223891,0.36555159715281227,4.085997368740359
synth-mat-dup-0000,TiN0.4Nb0.6,121.87543872109678,0.24541666649230817,8.49336371539486
synth-mat-000128,TiC0.81Cu0.19,200.45657516036445,0.33536689251264384,9.64119060275412
synth-mat-000399,Ni0.89TiC0.11,96.23796208848216,0.24902562687577992,4.153251977896995
synth-mat-000024,TiC0.47ZrB20.53,74.98555027673282,0.1855491828473887,1.8405534415753522
synth-mat-000082,TiN0.6Al0.4,75.95556734057494,0.4029451113173738,5.0151535331569805
synth-mat-000184,Al0.5W0.5,344.62593234716167,0.34191452355095087,10.400349735578647
synth-mat-000205,Fe0.8Ti0.2,254.4010602347957,0.24191153900772058,1.7269214378123408
synth-mat-000418,HfC0.84Zr0.16,106.93614779297285,0.20611936898802224,19.182590704100175
synth-mat-000039,Al0.64Ni0.36,80.68809742424136,0.24972521158899583,6.527848607882369
synth-mat-000494,Mo0.21Ta0.79,138.03008462477698,0.36049561917791995,13.979700478425446
synth-mat-000153,Ni0.15Cr0.85,117.65289976454795,0.241355726910065,5.361839799200759
synth-mat-000055,Zr0.54Mo0.46,166.8729817466913,0.3037898843158933,10.892769581848906
synth-mat-000504,Zr0.75Ti0.25,169.16121675216357,0.283045569832986,3.9759367710185196
synth-mat-000366,SiC0.81Nb0.19,109.87138486128501,0.26965769791801997,23.399179976236322
synth-mat-000583,HfC0.2Co0.8,91.52631069826315,0.36120280014506967,17.307830217677633
synth-mat-000191,SiC0.82TiN0.18,88.75040709639796,0.1875168945747835,3.3755662179363655
synth-mat-000383,Nb0.77Zr0.23,492.52490610387736,0.2734690748523269,5.478455126988612
synth-mat-000088,Ti0.85Zr0.15,222.0676556588981,0.38229176573055335,4.609905272173993
synth-mat-000450,ZrB20.28Ti0.72,119.8112321244147,0.27467994221488173,7.778235772094023
synth-mat-000164,Cr0.65Cu0.35,176.16490723249154,0.27960003178218357,5.542669524755195
synth-mat-000550,Cu0.85TiN0.15,156.0115611297704,0.17585340370070962,9.22117785140141
synth-mat-000286,SiC0.23Co0.77,149.3562705798205,0.298976349266897,6.902859839936062
synth-mat-000540,Al0.49Ta0.51,144.2850485676525,0.381754102842344,2.811335201378711
synth-mat-000073,Fe0.55HfC0.45,288.14598149483515,0.3504930358932521,7.012776945293964
synth-mat-000369,Zr0.22Fe0.78,103.00000768201464,0.18838039538252122,8.815865386838905
synth-mat-000388,Cu0.57TiC0.43,129.75362893676677,0.2712059275852236,3.5505612140076144
synth-mat-000203,Ni0.47TiN0.53,314.6500323461782,0.25190358052095463,4.115560001459027
synth-mat-000245,Co0.46Cu0.54,133.2265558255857,0.30753630374692187,5.168190208112628
synth-mat-000498,Co0.32TiN0.68,116.9056055410209,0.27627986403196975,19.947150231183723
synth-mat-000231,SiC0.11W0.89,135.59713770791114,0.374723944145655,3.6559432725793295
synth-mat-000455,Fe0.62Cr0.38,63.31665761559088,0.3552972514908901,18.533702106251646
synth-mat-000394,Ta0.67Nb0.33,150.86689187150074,0.31363411356842036,5.636350610123941
synth-mat-000523,HfC0.63Zr0.37,732.7146980582293,0.33738214623769897,4.53149063974692
synth-mat-000092,TiN0.82Zr0.18,203.89896794135845,0.2965475199746115,4.507566515280661
synth-mat-000481,Cr0.49Fe0.51,142.93185253865687,0.30211544903492077,3.3819676548198694
synth-mat-000103,Mo0.17Co0.83,82.37941455309132,0.15895033053143226,6.611747997416999
synth-mat-000157,TiC0.31TiN0.69,127.77875668311023,0.2262474561397329,3.32378036587223
synth-mat-000530,Cu0.26TiN0.74,43.343910995317096,0.31468481623165817,10.093093853229382
synth-mat-000370,Ta0.25Cr0.75,132.0724168525532,0.4464511287635038,11.753865630976557
synth-mat-000280,W0.55Ta0.45,186.65717379030826,0.2676792957080212,6.698186438729862
synth-mat-000182,TiN0.29Nb0.71,442.7920417486576,0.2424914044388741,4.802939769185569
synth-mat-000408,Ti0.62Ta0.38,204.0080904975918,0.26358641408347844,2.168497208565362
synth-mat-000159,Cu0.52Zr0.48,121.64361084089332,0.31561229162460963,5.7657571965972325
synth-mat-000313,HfC0.8SiC0.2,187.05818972414914,0.20464597097965997,3.0494346109616894
synth-mat-000288,TiC0.63Co0.37,199.3914798239114,0.1848333197644138,4.268305708879715
synth-mat-dup-0011,Ti0.43Co0.57,71.40137586988598,0.34272875103699674,17.31638899460197
synth-mat-000386,Zr0.51Ti0.49,191.74593019080677,0.24006202834989745,8.977380843779335
synth-mat-000110,Ni0.13Cu0.87,244.10377094980367,0.15039353472745998,2.892280746037969
synth-mat-000275,Cr0.79Ti0.21,98.23194016630444,0.3149686467903729,12.027492671943595
synth-mat-000299,Ti0.2Fe0.8,263.59530579903196,0.2729409733822216,5.401242615697523
synth-mat-000422,Co0.51Cu0.49,177.63297226335814,0.09455886791509621,2.426916087257312
synth-mat-000057,Fe0.42Cr0.58,189.14850460265777,0.3273302999397961,1.7007086437985242
synth-mat-000022,Al0.66SiC0.34,222.17193541737694,0.18331233880115205,4.932892280314659
synth-mat-000405,Cr0.59Ti0.41,115.83160409844768,0.21612719232274855,12.310464493351802
synth-mat-000335,Ti0.23HfC0.77,377.7716148146056,0.32467608336330933,6.894568629846064
synth-mat-000500,W0.46Co0.54,181.7935208064909,0.2767758686876665,5.514604987408606
synth-mat-000147,TiC0.86Al0.14,270.9088133816542,0.17100842653368997,3.7638708244205605
synth-mat-000329,Nb0.6TiC0.4,369.68423041444026,0.24279302376124393,7.720180780871083
synth-mat-000034,Fe0.42ZrB20.58,159.00454876430223,0.3348809695670655,2.195917191309642
synth-mat-000283,Cr0.46Fe0.54,81.00017912032052,0.23442528050127015,8.39468715762579
synth-mat-000271,Nb0.21Ta0.79,279.00684468022865,0.32968675458332936,7.567124959722847
synth-mat-000242,Ni0.82ZrB20.18,173.26180451166985,0.22088938315912526,14.56687603460716
synth-mat-000051,Ni0.32TiC0.68,239.22119933641198,0.2783996933133059,3.124982831260621
synth-mat-000441,SiC0.4Al0.6,264.64528908628864,0.18573354174965762,8.004648894799594
synth-mat-000569,Fe0.36HfC0.64,76.7192618078798,0.334103841018084,2.919807758445866
synth-mat-000590,ZrB20.5Hf0.5,172.15503434605748,0.23999976909197296,5.165581708237637
synth-mat-000122,HfC0.83ZrB20.17,75.35777700744619,0.3513190450066803,6.524419270106994
synth-mat-000440,Co0.74Mo0.26,355.55897720401896,0.3384124700753243,3.305712697043308
synth-mat-000023,Zr0.22TiN0.78,132.85012009145333,0.29040158115332143,6.719712909466489
synth-mat-000017,Hf0.67Cu0.33,87.91314207759015,0.21752228380107777,2.980378803649428
synth-mat-000567,Nb0.72Hf0.28,83.30993639580893,0.3946099280164609,6.05713943692678
synth-mat-000368,Mo0.64Ta0.36,111.75754933704512,0.2566645527192379,8.363872274626116
synth-mat-000365,Ta0.77Nb0.23,188.33914345890793,0.3101477470650737,5.197702275931536
synth-mat-000107,Ni0.28Cu0.72,71.00573461564346,0.26014198110838593,4.401638732947902
synth-mat-000007,Ni0.33Fe0.67,171.96267906037866,0.2735076572681868,1.7332767693537885
synth-mat-000400,Cu0.27Mo0.73,168.73933299664063,0.3415904626137951,6.4482844504013475
synth-mat-000150,Ni0.79Nb0.21,438.36588963708755,0.2371880810549168,8.35095747195083
synth-mat-000052,Hf0.71Ta0.29,191.77188052621486,0.33268219497683293,5.771899182478214
synth-mat-000495,Fe0.52Ta0.48,98.85419736649636,0.38871337957725594,3.3136588448149764
synth-mat-000507,Co0.8Zr0.2,215.40075023924317,0.27342345854045136,4.247698930434882
synth-mat-000234,Ni0.1TiC0.9,159.60982469203307,0.19579143542452637,11.07697092512646
synth-mat-000323,W0.45Nb0.55,100.80269402575196,0.30616222244478797,11.084277737335036
synth-mat-000336,Zr0.52Al0.48,281.70171983280085,0.22120925811292605,5.9502122846096706
synth-mat-000112,Nb0.35TiC0.65,264.48375417237514,0.3493773349340417,2.039174178337098
synth-mat-000478,ZrB20.8Ni0.2,112.44557542307464,0.30328187088928915,4.740064608656709
synth-mat-000065,Fe0.69Ni0.31,187.62475150322427,0.2570509201412403,12.344984423198476
synth-mat-000427,TiN0.22HfC0.78,181.77462676255516,0.31614333926886906,6.908527541190933
synth-mat-000019,Cu0.47ZrB20.53,157.0982496671764,0.17218890784105323,5.062263463949303
synth-mat-000364,W0.22SiC0.78,74.09660209243606,0.38386106411222887,3.880954059988167
synth-mat-000563,SiC0.35W0.65,222.33208087596125,0.3436079564212977,3.552646913768002
synth-mat-000222,Mo0.23TiC0.77,103.40599690744462,0.2271971176076443,8.926172250846514
synth-mat-000074,SiC0.84TiN0.16,207.4580492681222,0.34532920071152085,6.19968247058333
synth-mat-000226,Hf0.33Cu0.67,354.0859082979753,0.2297614702764327,4.848194858891891
synth-mat-000508,Fe0.23Zr0.77,87.145905435464,0.3820938867887739,2.8480564446194934
synth-mat-dup-0003,Mo0.19Co0.81,51.007292760808525,0.4088844229089973,7.996694003752251
synth-mat-000331,W0.2TiC0.8,158.0216830793491,0.3422608928758787,5.842606055498136
synth-mat-000352,Cu0.39Co0.61,79.32855612797697,0.31076133092863184,8.513859527208872
synth-mat-000416,W0.11Hf0.89,202.59673806216097,0.2879746838587661,10.40723739082349
synth-mat-000337,Al0.48Hf0.52,201.80059096130515,0.4277151978440694,3.0468873226780335
